keyword,entity,category,published,published_at,slug
facebook marketplace scam,Facebook,marketplace,true,2026-04-20T08:39:33Z,facebook-marketplace-scam
gumtree scam uk,Gumtree,marketplace,true,2026-04-20T08:39:33Z,gumtree-scam-uk
evri text scam,Evri,sms,true,2026-04-20T08:39:33Z,evri-text-scam
paypal email scam,PayPal,payment,true,2026-04-21T10:51:48Z,paypal-email-scam
hmrc tax refund scam,HMRC,government,true,2026-04-21T10:51:48Z,hmrc-tax-refund-scam
crypto investment scam,Crypto,crypto,true,2026-04-21T10:51:48Z,crypto-investment-scam
job offer scam uk,Jobs,employment,true,2026-04-21T10:51:48Z,job-offer-scam-uk
romance scam signs,Online dating,dating,true,2026-04-21T10:51:48Z,romance-scam-signs
amazon scam email,Amazon,shopping,true,2026-04-21T10:55:18Z,amazon-scam-email
loan scam uk,Loans,finance,true,2026-04-21T10:55:18Z,loan-scam-uk
energy bill scam uk,Energy,utility,true,2026-04-21T10:55:18Z,energy-bill-scam-uk
dvla scam email,DVLA,government,true,2026-04-21T10:55:18Z,dvla-scam-email
bitcoin scam uk,Bitcoin,crypto,true,2026-04-21T10:55:18Z,bitcoin-scam-uk
work from home scam uk,Jobs,employment,true,2026-04-22T10:49:46Z,work-from-home-scam-uk
google voice scam uk,Google,tech,true,2026-04-22T10:49:46Z,google-voice-scam-uk
whatsapp scam family message,WhatsApp,social,true,2026-04-22T10:49:46Z,whatsapp-scam-family-message
puppy scam uk,Pets,marketplace,true,2026-04-22T10:49:46Z,puppy-scam-uk
bank transfer scam uk,Bank,payment,true,2026-04-22T10:49:46Z,bank-transfer-scam-uk
is temu a scam,Temu,website,true,2026-04-23T10:57:29Z,is-temu-a-scam
royal mail text scam,Royal Mail,sms,true,2026-04-23T10:57:29Z,royal-mail-text-scam
HMRC tax refund text scam,HMRC,sms,true,2026-04-23T10:57:29Z,hmrc-tax-refund-text-scam
Barclays bank text scam,Barclays,sms,true,2026-04-23T10:57:29Z,barclays-bank-text-scam
Lloyds bank scam text,Lloyds Bank,sms,true,2026-04-23T10:57:29Z,lloyds-bank-scam-text
NatWest fraud text message,NatWest,sms,true,2026-04-24T10:54:20Z,natwest-fraud-text-message
Halifax bank scam text,Halifax,sms,true,2026-04-24T10:54:20Z,halifax-bank-scam-text
DVLA vehicle tax text scam,DVLA,sms,true,2026-04-24T10:54:20Z,dvla-vehicle-tax-text-scam
TV licensing scam text message,TV Licensing,sms,true,2026-04-24T10:54:20Z,tv-licensing-scam-text-message
NHS appointment scam text,NHS,sms,true,2026-04-24T10:54:20Z,nhs-appointment-scam-text
council tax scam text UK,HMRC,sms,true,2026-04-25T09:15:59Z,council-tax-scam-text-uk
parking fine scam text UK,DVLA,sms,true,2026-04-25T09:15:59Z,parking-fine-scam-text-uk
DPD delivery scam text,DPD,sms,true,2026-04-25T09:15:59Z,dpd-delivery-scam-text
Hermes parcel scam text,Hermes,sms,true,2026-04-25T09:15:59Z,hermes-parcel-scam-text
Amazon delivery scam text,Amazon,sms,true,2026-04-25T09:15:59Z,amazon-delivery-scam-text
HMRC tax rebate email scam,HMRC,email,true,2026-04-26T09:37:47Z,hmrc-tax-rebate-email-scam
Microsoft account suspended email scam,Microsoft,email,true,2026-04-26T09:37:47Z,microsoft-account-suspended-email-scam
Netflix billing email scam UK,Netflix,email,true,2026-04-26T09:37:47Z,netflix-billing-email-scam-uk
HSBC phishing email UK,HSBC,email,true,2026-04-26T09:37:47Z,hsbc-phishing-email-uk
Santander email scam UK,Santander,email,true,2026-04-26T09:37:47Z,santander-email-scam-uk
PayPal account limited email scam,PayPal,email,true,2026-04-27T12:12:19Z,paypal-account-limited-email-scam
DVLA email scam UK,DVLA,email,true,2026-04-27T12:12:19Z,dvla-email-scam-uk
Companies House email scam UK,Companies House,email,true,2026-04-27T12:12:19Z,companies-house-email-scam-uk
TV licence email scam UK,TV Licensing,email,true,2026-04-27T12:12:19Z,tv-licence-email-scam-uk
NatWest phishing email UK,NatWest,email,true,2026-04-27T12:12:19Z,natwest-phishing-email-uk
HMRC phone call scam UK,HMRC,phone,true,2026-04-28T12:16:51Z,hmrc-phone-call-scam-uk
bank impersonation phone scam UK,UK Banks,phone,true,2026-04-28T12:16:51Z,bank-impersonation-phone-scam-uk
Amazon phone call scam UK,Amazon,phone,true,2026-04-28T12:16:51Z,amazon-phone-call-scam-uk
BT broadband scam calls UK,BT,phone,true,2026-04-28T12:16:51Z,bt-broadband-scam-calls-uk
police impersonation scam call UK,Police,phone,true,2026-04-28T12:16:51Z,police-impersonation-scam-call-uk
pension liberation scam UK,Pension Provider,phone,true,2026-04-29T12:07:54Z,pension-liberation-scam-uk
DVLA phone scam UK,DVLA,phone,true,2026-04-29T12:07:54Z,dvla-phone-scam-uk
National Insurance scam call UK,HMRC,phone,true,2026-04-29T12:07:54Z,national-insurance-scam-call-uk
advance fee scam UK,Unknown,payment,true,2026-04-29T12:07:54Z,advance-fee-scam-uk
push payment fraud UK,UK Banks,payment,true,2026-04-29T12:07:54Z,push-payment-fraud-uk
invoice fraud UK businesses,Business,payment,true,2026-04-30T11:58:50Z,invoice-fraud-uk-businesses
overpayment scam UK,Unknown,payment,true,2026-04-30T11:58:50Z,overpayment-scam-uk
cryptocurrency payment scam UK,Crypto Exchange,crypto,true,2026-04-30T11:58:50Z,cryptocurrency-payment-scam-uk
Apple Pay scam UK,Apple,payment,true,2026-04-30T11:58:50Z,apple-pay-scam-uk
PayPal friends family scam UK,PayPal,payment,true,2026-04-30T11:58:50Z,paypal-friends-family-scam-uk
Monzo scam transfer UK,Monzo,payment,true,2026-05-02T09:50:08Z,monzo-scam-transfer-uk
eBay buyer scam UK,eBay,marketplace,true,2026-05-02T09:50:08Z,ebay-buyer-scam-uk
Facebook Marketplace fake buyer UK,Facebook,marketplace,true,2026-05-02T09:50:08Z,facebook-marketplace-fake-buyer-uk
Vinted buyer scam UK,Vinted,marketplace,true,2026-05-02T09:50:08Z,vinted-buyer-scam-uk
Depop scam UK,Depop,marketplace,true,2026-05-02T09:50:08Z,depop-scam-uk
AutoTrader car scam UK,AutoTrader,marketplace,true,2026-05-03T10:17:37Z,autotrader-car-scam-uk
Rightmove rental scam UK,Rightmove,marketplace,true,2026-05-03T10:17:37Z,rightmove-rental-scam-uk
Airbnb scam UK listings,Airbnb,marketplace,true,2026-05-03T10:17:37Z,airbnb-scam-uk-listings
Preloved scam UK,Preloved,marketplace,true,2026-05-03T10:17:37Z,preloved-scam-uk
Instagram investment scam UK,Instagram,social,true,2026-05-03T10:17:37Z,instagram-investment-scam-uk
WhatsApp investment scam UK,WhatsApp,social,true,2026-05-04T12:14:47Z,whatsapp-investment-scam-uk
TikTok shop scam UK,TikTok,social,true,2026-05-04T12:14:47Z,tiktok-shop-scam-uk
Facebook ad scam UK,Facebook,social,true,2026-05-04T12:14:47Z,facebook-ad-scam-uk
Twitter crypto giveaway scam,Twitter,social,true,2026-05-04T12:14:47Z,twitter-crypto-giveaway-scam
LinkedIn recruitment scam UK,LinkedIn,social,true,2026-05-04T12:14:47Z,linkedin-recruitment-scam-uk
Bitcoin ATM scam UK,Bitcoin,crypto,true,2026-05-05T11:08:36Z,bitcoin-atm-scam-uk
Binance impersonation scam UK,Binance,crypto,true,2026-05-05T11:08:36Z,binance-impersonation-scam-uk
fake crypto exchange UK,Crypto Exchange,crypto,true,2026-05-05T11:08:36Z,fake-crypto-exchange-uk
crypto recovery scam UK,Crypto Recovery,crypto,true,2026-05-05T11:08:36Z,crypto-recovery-scam-uk
NFT scam UK,NFT Platform,crypto,true,2026-05-05T11:08:36Z,nft-scam-uk
DVLA email scam car tax,DVLA,government,,,
Universal Credit scam UK,DWP,government,,,
TV licence scam letter UK,TV Licensing,government,,,
court summons scam email UK,HMCTS,government,,,
passport renewal scam UK,HMPO,government,,,
UKVI visa scam UK,Home Office,government,,,
indeed job scam UK,Indeed,employment,,,
remote work scam UK 2026,Unknown,employment,,,
mystery shopper scam UK,Unknown,employment,,,
data entry job scam UK,Unknown,employment,,,
recruitment agency scam UK,Unknown,employment,,,
Tinder investment scam UK,Tinder,dating,,,
Bumble romance scam UK,Bumble,dating,,,
pig butchering scam UK,Crypto,dating,,,
military romance scam UK,Unknown,dating,,,
Windows tech support scam UK,Microsoft,tech,,,
Apple tech support scam UK,Apple,tech,,,
BT broadband tech support scam,BT,tech,,,
remote access scam UK,Unknown,tech,,,
printer support scam UK,HP,tech,,,
fake Nike website UK,Nike,website,,,
ASOS copycat scam UK,ASOS,website,,,
fake UGG website UK,UGG,website,,,
DHgate scam UK review,DHgate,website,,,
Wish scam UK review,Wish,website,,,
fake online pharmacy UK,Unknown,website,,,
IVA scam UK,Unknown,finance,,,
debt management scam UK,Unknown,finance,,,
clone firm investment scam UK,FCA,finance,,,
bond scam UK,Unknown,finance,,,
land banking scam UK,Unknown,finance,,,
forex trading scam UK 2026,Unknown,finance,,,
package holiday scam UK,Unknown,travel,,,
fake airline ticket scam UK,Unknown,travel,,,
visa application scam UK,Unknown,travel,,,
holiday let scam UK,Unknown,travel,,,
concert ticket scam UK 2026,Unknown,shopping,,,
Glastonbury ticket scam UK,Unknown,shopping,,,
Viagogo scam UK,Viagogo,shopping,,,
British Gas scam call UK,British Gas,utility,,,
smart meter scam call UK,Unknown,utility,,,
solar panel scam UK,Unknown,utility,,,
