Page,Citations
https://beatthescam.com/guides/tv-licence-email-scam-uk/,1979
https://beatthescam.com/guides/tv-licence-scam-letter-uk/,942
https://beatthescam.com/guides/indeed-job-scam-uk/,447
https://beatthescam.com/guides/bt-broadband-scam-calls-uk/,432
https://beatthescam.com/guides/santander-email-scam-uk/,355
https://beatthescam.com/guides/natwest-fraud-text-message-scam-uk/,353
https://beatthescam.com/guides/airport-transfer-taxi-scam-uk/,315
https://beatthescam.com/guides/work-from-home-scam-uk/,311
https://beatthescam.com/guides/viagogo-scam-uk/,308
https://beatthescam.com/guides/evri-delivery-scam-guide/,283
https://beatthescam.com/guides/is-temu-a-scam-uk/,242
https://beatthescam.com/guides/virgin-media-scam-call-uk/,242
https://beatthescam.com/guides/nationwide-scam-text-uk/,181
https://beatthescam.com/guides/revolut-scam-uk/,118
https://beatthescam.com/guides/barclays-bank-text-scam-uk/,116
https://beatthescam.com/guides/vinted-scam-warning-uk/,114
https://beatthescam.com/guides/recruitment-agency-scam-uk/,113
https://beatthescam.com/guides/stubhub-ticket-scam-uk/,108
https://beatthescam.com/guides/dvla-email-scam-car-tax/,104
https://beatthescam.com/guides/smart-meter-scam-call-uk/,100
https://beatthescam.com/guides/remote-work-scam-uk-2026/,98
https://beatthescam.com/guides/isp-impersonation-scam-bt-sky-virgin-media/,97
https://beatthescam.com/guides/nhs-appointment-scam-text-uk/,93
https://beatthescam.com/guides/british-gas-scam-call-uk/,87
https://beatthescam.com/guides/apple-pay-scam-uk/,87
https://beatthescam.com/guides/dvla-vehicle-tax-text-scam/,65
https://beatthescam.com/guides/dhgate-scam-uk-review/,65
https://beatthescam.com/guides/amazon-phone-call-scam-uk/,64
https://beatthescam.com/guides/bank-text-codes-not-arriving/,63
https://beatthescam.com/guides/halifax-bank-scam-text-uk/,62
https://beatthescam.com/,62
https://beatthescam.com/guides/facebook-ad-scam-uk/,60
https://beatthescam.com/guides/parking-fine-scam-text-uk/,60
https://beatthescam.com/guides/ebay-buyer-scam-uk/,54
https://beatthescam.com/guides/lloyds-bank-scam-text/,51
https://beatthescam.com/guides/national-insurance-scam-call-uk/,51
https://beatthescam.com/guides/wise-transfer-scam-uk/,50
https://beatthescam.com/guides/job-offer-scam-uk/,48
https://beatthescam.com/guides/fake-online-pharmacy-uk-scam/,47
https://beatthescam.com/guides/invoice-fraud-uk-businesses/,46
https://beatthescam.com/guides/is-this-website-a-scam/,45
https://beatthescam.com/guides/shein-fake-website-scam-uk/,43
https://beatthescam.com/guides/amazon-prime-scam-uk/,39
https://beatthescam.com/guides/beatthescamcom-guide-spotting-and-avoiding-uk-consumer-scams/,36
https://beatthescam.com/guides/invoice-redirection-scam-checklist/,36
https://beatthescam.com/guides/aliexpress-scam-or-legit-uk-guide/,31
https://beatthescam.com/guides/debt-relief-scam-uk/,30
https://beatthescam.com/guides/facebook-marketplace-scam-uk/,25
https://beatthescam.com/guides/solar-panel-scam-uk/,22
https://beatthescam.com/guides/vodafone-scam-text-uk/,21
https://beatthescam.com/guides/o2-scam-text-uk/,21
https://beatthescam.com/guides/advance-fee-scam-uk/,18
https://beatthescam.com/guides/tiktok-shop-scam-uk/,18
https://beatthescam.com/categories/government/,18
https://beatthescam.com/guides/package-holiday-scam-uk/,17
https://beatthescam.com/guides/autotrader-car-scam-uk/,17
https://beatthescam.com/guides/fake-airline-ticket-scam-uk/,17
https://beatthescam.com/guides/concert-ticket-scam-uk/,17
https://beatthescam.com/guides/vinted-buyer-scam-uk/,16
https://beatthescam.com/guides/ukvi-visa-scam-uk/,15
https://beatthescam.com/guides/nft-scam-uk/,15
https://beatthescam.com/guides/identity-theft-uk/,13
https://beatthescam.com/guides/charity-donation-scam-checklist/,13
https://beatthescam.com/guides/airbnb-scam-uk-listings/,12
https://beatthescam.com/guides/microsoft-account-suspended-email-scam-uk/,12
https://beatthescam.com/guides/overpayment-scam-uk/,11
https://beatthescam.com/guides/fake-wifi-hotspot-scam-uk/,10
https://beatthescam.com/guides/dvla-email-scam-uk/,10
https://beatthescam.com/guides/hsbc-bank-scam-call-uk/,10
https://beatthescam.com/guides/debt-management-scam-uk/,9
https://beatthescam.com/guides/bank-impersonation-phone-scam-uk/,9
https://beatthescam.com/guides/refund-recovery-scam-warning-signs/,8
https://beatthescam.com/guides/talktalk-scam-call-uk/,6
https://beatthescam.com/guides/amazon-order-scam-email-checklist/,6
https://beatthescam.com/guides/depop-scam-uk/,6
https://beatthescam.com/guides/santander-phone-scam-uk/,6
https://beatthescam.com/guides/impersonation-scams-when-criminals-pretend-to-be-your-bank-or-the-police/,6
https://beatthescam.com/guides/linkedin-job-scam-guide-uk/,6
https://beatthescam.com/guides/fake-ray-ban-website-scam-uk/,6
https://beatthescam.com/guides/ups-delivery-scam-text-messages-uk/,6
https://beatthescam.com/guides/tui-booking-scam-uk/,5
https://beatthescam.com/guides/ee-scam-text-uk/,5
https://beatthescam.com/guides/data-entry-job-scam-uk/,5
https://beatthescam.com/guides/asos-copycat-scam-uk/,4
https://beatthescam.com/guides/fake-festival-ticket-scam-uk/,4
https://beatthescam.com/guides/ai-voice-cloning-scam-uk/,3
https://beatthescam.com/guides/facebook-marketplace-fake-buyer-scam-uk/,3
https://beatthescam.com/guides/visa-application-scam-uk/,3
https://beatthescam.com/guides/iva-scam-uk/,2
https://beatthescam.com/guides/fake-nike-website-uk/,2
https://beatthescam.com/guides/rightmove-rental-scam-uk/,1
https://beatthescam.com/guides/passport-renewal-scam-uk/,1
https://beatthescam.com/guides/push-payment-fraud-uk/,1
https://beatthescam.com/guides/sextortion-email-scam-uk/,1
https://beatthescam.com/guides/holiday-let-scam-uk/,1
https://beatthescam.com/guides/military-romance-scam-uk/,1
https://beatthescam.com/guides/qr-code-scam-uk/,1
