row_type,page_or_cluster,current_clicks,previous_clicks,current_impressions,previous_impressions,current_ctr,previous_ctr,current_position,previous_position
focus_page,https://beatthescam.com/guides/dpd-delivery-scam-text/,0,0,45,8,0,0,49.84444444444444,60.625
focus_page,https://beatthescam.com/guides/bank-text-codes-not-arriving/,0,0,6,9,0,0,16.833333333333336,9.222222222222221
focus_page,https://beatthescam.com/guides/halifax-bank-scam-text-uk/,0,0,41,15,0,0,63.1219512195122,59.13333333333333
focus_page,https://beatthescam.com/guides/nhs-appointment-scam-text-uk/,0,1,30,35,0,0.02857142857142857,10.866666666666667,11.028571428571428
focus_page,https://beatthescam.com/guides/dvla-vehicle-tax-text-scam/,0,0,1,2,0,0,31,33
focus_page,https://beatthescam.com/recovery/,0,0,0,0,0,0,0,0
focus_page,https://beatthescam.com/guides/hermes-parcel-scam-text-uk/,0,0,1,21,0,0,73,61.95238095238095
focus_page,https://beatthescam.com/guides/evri-delivery-scam-guide/,0,0,0,3,0,0,0,11
consolidation,https://beatthescam.com/guides/hermes-parcel-scam-text-uk/ + https://beatthescam.com/guides/evri-delivery-scam-guide/,0.0,0.0,1.0,24.0,0.0,0.0,73.0,55.583333333333336
