section,metric,value,period,geography,publisher,published,source_url,notes
Headline figures,Total UK payment fraud losses (unauthorised + APP),"Almost £1.3 billion (components: £703.4m unauthorised + £576.4m APP = £1,279.8m, derived sum; widely reported as £1.28bn, up 4% on 2024)",Calendar year 2025,UK,UK Finance — Annual Fraud Report 2026,2026-06-15,https://www.ukfinance.org.uk/news-and-insight/press-release/fraud-report-2026-press-release,"Press release headline: criminals 'steal almost £1.3 billion'. The +4% year-on-year change is stated in the report/coverage, not in the press-release body itself. Covers fraud on payment cards, remote banking and APP scams reported by UK Finance members — NOT all fraud (survey-based estimates are far higher, see GASA and ONS entries). Report PDF: https://www.ukfinance.org.uk/system/files/2026-06/UK%20Finance%20Fraud%20Report%202026.pdf"
Headline figures,Total confirmed payment fraud cases (derived sum),"4.06 million cases (derived: 3.81 million unauthorised cases, up 11%, + 248,070 APP cases, up 7%); secondary coverage reports 'a record 4.06 million, up 11%'",Calendar year 2025,UK,UK Finance — Annual Fraud Report 2026,2026-06-15,https://www.ukfinance.org.uk/news-and-insight/press-release/fraud-report-2026-press-release,"UK Finance counts cards/accounts defrauded, not people. Equivalent to roughly eight people defrauded every minute (UK Finance's own framing in launch coverage). CONFLICT NOTE (record-both rule): one secondary source (Refundee, 2026) states '4.68 million cases' and another (Comms Council UK, 19 June 2026) describes 'an 11% increase' as if it applied to losses — both are misreadings; the press-release figures are 4.06m cases (+11%) and £1.28bn losses (+4%)."
Headline figures,"Unauthorised fraud losses (card, remote banking, cheque)","£703.4 million, down 5% vs 2024. Breakdown: remote purchase card fraud £423.5m (up 3%, 3.2m cases up 13%); lost & stolen £109.8m (down 2%, 449,189 cases up 2%); remote banking £104.4m (down 27%, 37,646 cases up 11%, driven by a 21% rise in mobile banking cases); contactless £46.8m (up 8%)",Calendar year 2025,UK,UK Finance — Annual Fraud Report 2026,2026-06-15,https://www.ukfinance.org.uk/news-and-insight/press-release/fraud-report-2026-press-release,"High-volume, low-value model: losses fell while case numbers rose. Victims of unauthorised fraud are legally protected and banks refund almost all cases."
Headline figures,CSEW estimated fraud incidents (survey measure — the best estimate of true scale),4.5 million fraud incidents; no statistically significant change vs year ending March 2025 (4.2m). 3.8 million adult victims (up 10% from 3.4m); prevalence 7.8% of adults (up 0.7pp). Bank and credit account fraud c.2.8m incidents (up 15%),Year ending March 2026,England and Wales,Office for National Statistics — Crime in England and Wales: year ending March 2026,2026-07-23,https://www.ons.gov.uk/peoplepopulationandcommunity/crimeandjustice/bulletins/crimeinenglandandwales/yearendingmarch2026,"Re-verified by direct fetch 2026-07-25 (published two days ago — the most current national fraud estimate available). England and Wales only. Fraud = 4.5m of 9.6m CSEW headline crime incidents, i.e. roughly 47% of headline crime (derived ratio of two published figures; Ofcom's July 2026 statement uses 'approximately 45% of all reported crime'). Computer misuse: 798,000 incidents, no significant change. Fraud is up 30% on the earliest comparable year (YE March 2017, ~3.4m incidents, per the YE Dec 2025 bulletin)."
Headline figures,Consumer-survey estimate of total UK scam losses (GASA),"£9.4 billion estimated stolen from UK consumers in 12 months (down from £11.4bn in the 2024 edition); 20% of adults had money taken; average loss £878.60 per victim; 77% of victims reported to their payment provider; 47% recovered at least some money; millennials' average loss £1,456.90 — c. triple Gen X's £444.10",12 months to autumn 2025,UK,Global Anti-Scam Alliance (GASA) with Cifas — State of Scams in the UK 2025,2025-11-05,https://www.cifas.org.uk/newsroom/9.4billion_stolenfromconsumers,"Re-verified by direct fetch 2026-07-25 (the £11.4bn prior-year comparison comes from the 2024 edition, not this page). Survey-based extrapolation — methodologically different from (and much larger than) UK Finance's £1.28bn confirmed payment fraud. Present as 'estimated total consumer losses' with the caveat. Shopping/purchase scams were the most common type (45% of victims). Striking secondary finding: those claiming they 'always recognise a scam' had the highest average losses (£1,591.90)."
Fraud is nearly half of all crime — and most of it is never reported,Fraud reported to police/NFIB (recorded-crime measure) — latest available figure,"1.4 million fraud offences referred to the National Fraud Intelligence Bureau (via Action Fraud, Cifas and UK Finance) in YE September 2025, up 12% on the previous year (1.2 million, YE June 2025 and YE September 2024)",Year ending September 2025 (LAST PUBLISHED FIGURE — series then suspended),England and Wales,Office for National Statistics — Crime in England and Wales: year ending September 2025,2026-01-29,https://www.ons.gov.uk/peoplepopulationandcommunity/crimeandjustice/bulletins/crimeinenglandandwales/yearendingseptember2025,"Exact bulletin quote, verified twice on 2026-07-25: 'The recorded crime series showed a 12% increase in fraud offences in YE September 2025 (1.4 million offences) compared with the previous year (1.2 million offences).' THE GAP EXPLAINED: the CSEW estimated 4.2 million fraud incidents in the same period — roughly three times the recorded figure — because most victims never report, and the recorded total is itself inflated relative to public reports by bulk industry referrals from Cifas and UK Finance. City of London Police then temporarily suspended recorded fraud data supply while migrating from Action Fraud to the new Report Fraud service (launched 4 December 2025; NFIB renamed Report Fraud Analysis Services), so the YE Dec 2025 and YE Mar 2026 ONS bulletins contain NO recorded fraud figures. ONS warns recorded fraud is an unreliable indicator of true volume."
APP scams and reimbursement,APP (authorised push payment) scam losses,"£576.4 million, up 19% vs 2024; 248,070 cases, up 7%. £500.8m personal losses + £75.6m business losses",Calendar year 2025,UK,UK Finance — Annual Fraud Report 2026,2026-06-15,https://www.ukfinance.org.uk/news-and-insight/press-release/fraud-report-2026-press-release,"Sharp reversal of the 2023–2024 downward trend, driven by AI-enabled social engineering per UK Finance."
APP scams and reimbursement,"APP reimbursement (UK Finance measure, all APP)",£354.3 million reimbursed to APP fraud victims = 61% of APP losses,Calendar year 2025,UK,UK Finance — Annual Fraud Report 2026,2026-06-15,https://www.ukfinance.org.uk/news-and-insight/press-release/fraud-report-2026-press-release,Lower than the PSR's 89% because UK Finance covers a wider range of payment and account types than the PSR mandatory-reimbursement rules — UK Finance states this explicitly. Quote both figures together on the stats page.
APP scams and reimbursement,"APP reimbursement under the PSR mandatory rules (Faster Payments/CHAPS, in scope)","89% of money lost to in-scope APP scams reimbursed (£243m of £273m) in the first 15 months of the rules; Q4 2025 alone: 85% of claims value, £70.2m; £215m reimbursed across 2025; 82% of Q4 claims closed within 5 business days, 98% within 35; only 2% of Q4 claims rejected for insufficient consumer caution",7 October 2024 – 31 December 2025 (cumulative) and Q4 2025,UK,"Payment Systems Regulator — APP scams reimbursement dashboard, Q4 2025",2026-06-11,https://www.psr.org.uk/information-for-consumers/app-scams-reimbursement-dashboard/,"15-month totals: 243,000 reimbursable claims out of 352,000 reported. Mandatory reimbursement (max £85,000, split 50/50 between sending and receiving firm) began 7 October 2024. Re-verified 2026-07-25."
APP scams and reimbursement,Reimbursement improvement one year into the mandatory scheme (PSR review),"88% of money claimed back from payment firms was returned to victims (October 2024 – June 2025), up from 66% in the equivalent 2023/24 period; £112 million reimbursed in the first nine months; claim volumes down ~15% (126,000 claims); 84% of claims resolved within 5 business days",October 2024 – June 2025 vs October 2023 – June 2024,UK,Payment Systems Regulator — 'One year on: impact of APP reimbursement on victims',2025-10-08,https://www.psr.org.uk/news-and-updates/latest-news/news/one-year-on-impact-of-app-reimbursement-on-victims/,Verified by direct fetch 2026-07-25. PSR attributes the fall in claims to firms 'stepping up and stopping fraud in response to the requirements'. Complements (does not duplicate) the Q4 2025 dashboard entry above.
APP scams and reimbursement,Effect of the PSR reimbursement policy on fraud (independent evaluation),"In-scope APP scam losses over Faster Payments down c.21% — about £73 million a year — and nearly 35,000 fewer APP scams; reimbursement rate for all claims up from 54% to 65%, and 97% for in-scope claims; short-term net benefit £17m–£29m",Policy effect measured since 7 October 2024,UK,Payment Systems Regulator / Frontier Economics (independent evaluation),2026-07-01,https://www.psr.org.uk/news-and-updates/latest-news/news/payment-fraud-falls-by-73m-following-psr-reimbursement-scheme/,PSR will consult on changes in December 2026. Firms with historically high fraud levels improved most. Corroborated by Norton Rose Fulbright's Regulation Tomorrow coverage (July 2026). Measures a different population and period from the PSR dashboard's 89% figure — the two rates are not directly comparable.
APP scams and reimbursement,"Fraud victims' reimbursement experience (all fraud, survey measure)","Of the c.3 million CSEW fraud incidents involving an initial financial loss, victims were fully reimbursed in 70% of cases — but rates vary sharply by type: 85% for bank and credit account fraud vs 48% for consumer and retail fraud and 40% for 'other' fraud",Year ending March 2025,England and Wales,Office for National Statistics — Nature of fraud and computer misuse in England and Wales,2026-03-26,https://www.ons.gov.uk/peoplepopulationandcommunity/crimeandjustice/articles/natureoffraudandcomputermisuseinenglandandwales/yearendingmarch2025,Verified by direct fetch 2026-07-25 (fetch reported the complements: 15%/52%/60% NOT fully reimbursed for bank/consumer/other — arithmetically consistent; spot-check the exact table in the article before publishing). Pairs well with the PSR 89% figure to show protection is strong for bank transfers but weak for purchase-type scams.
Losses by scam type (2025),Investment fraud (APP) losses,"£221.5 million, up 40% vs 2024 — the largest share of APP losses and a record high; 14,893 cases, up 26%",Calendar year 2025,UK,UK Finance — Annual Fraud Report 2026,2026-06-15,https://www.ukfinance.org.uk/news-and-insight/press-release/fraud-report-2026-press-release,"Often starts with fraudulent advertising on social media, per UK Finance. £ figure corroborated by four independent secondary reports on 2026-07-25."
Losses by scam type (2025),Purchase scams (APP),"71% of all APP cases; losses £118.1 million, up 20% vs 2024 — record case levels",Calendar year 2025,UK,UK Finance — Annual Fraud Report 2026,2026-06-15,https://www.ukfinance.org.uk/news-and-insight/press-release/fraud-report-2026-press-release,Typically starts on online marketplaces; UK Finance is calling for mandatory seller verification. (The H1 2025 half-year report used 72% of APP cases; 71% is the full-year 2025 figure.)
Losses by scam type (2025),"Romance fraud (APP, bank-reported)","£39.2 million, up 23% vs 2024; case numbers up 22% — record high",Calendar year 2025,UK,UK Finance — Annual Fraud Report 2026,2026-06-15,https://www.ukfinance.org.uk/news-and-insight/press-release/fraud-report-2026-press-release,Bank-transfer losses only; total romance fraud harm is higher (crypto payments etc. not captured) — see the police-reported £102m entry below and quote the two together with the measurement difference explained.
Losses by scam type (2025),"Romance fraud (police-reported, Report Fraud)","£102 million lost in 2025; 10,784 reports, up 29% on 2024; average loss £9,500 per victim (~£280,000 lost every day); largest single reported loss £1 million; people aged 55–74 accounted for nearly half of total losses; men filed more reports but women lost more money (just over 40% of reported value)",Calendar year 2025,"England, Wales and Northern Ireland (Report Fraud reporting area)",City of London Police — Report Fraud (reportfraud.police.uk) data,2026-05-05,https://www.cityoflondon.police.uk/news/city-of-london/news/2026/may/romance-fraud-costs-uk-victims-102-million-in-a-year-as-reports-surge-by-nearly-a-third/,"CoLP site blocks scripted fetches; figures corroborated 2026-07-25 via The Register (fetched in full), FStech and Leicestershire Police force release. Higher than UK Finance's £39.2m because Report Fraud captures losses across all payment types (including crypto and cash), not just bank transfers reported by UK Finance members."
Losses by scam type (2025),Impersonation fraud (APP),Losses down 12% and cases down 11% vs 2024 (second consecutive fall),Calendar year 2025,UK,UK Finance — Annual Fraud Report 2026,2026-06-15,https://www.ukfinance.org.uk/news-and-insight/press-release/fraud-report-2026-press-release,Bank/police 'safe account' impersonation. Absolute £ figure not in the press release — it is in the full report PDF (site blocks scripted access; pull the number from the PDF manually if needed for the page). UK Finance credits education campaigns for the fall.
Losses by scam type (2025),Courier fraud,"More than £21 million stolen; 1,891 reports (up c.10% from 1,721 in 2024; losses up from £19.5m); average loss per victim £15,311.08; victims aged 76–96 account for c.62% of all reports; London and the Home Counties c.65% of victims",Calendar year 2025,"England, Wales and Northern Ireland (Report Fraud reporting area)",City of London Police (national lead force for fraud),2026-06-15,https://www.cityoflondon.police.uk/news/city-of-london/news/2026/june/over-70s-targeted-as-courier-fraud-exceeds-21-million-in-2025-with-london-and-home-counties-hit-hardest/,"2025 trend: victims persuaded to buy jewellery and gold for courier collection — the highest-loss variant. Based on Report Fraud reports, so a substantial undercount. URL existence re-confirmed via search index 2026-07-25 (site 403s scripted fetches); Derbyshire Police ran the same campaign June 2026."
Where scams start,Where APP fraud starts (channel origination),66% of APP cases originate online (32% of losses); 17% via telecommunications (28% of losses); 1% via email (7% of losses),Calendar year 2025,UK,UK Finance — Annual Fraud Report 2026,2026-06-15,https://www.ukfinance.org.uk/news-and-insight/press-release/fraud-report-2026-press-release,"Telecoms-originated scams are higher-value per case (17% of cases but 28% of losses). Remainder: other 5%/8%, unknown 11%/24%. The 66%/17% pair independently corroborated by Neopay and Comms Council UK on 2026-07-25."
Where scams start,"How fraudsters contact victims (all fraud, survey measure)","79% of CSEW fraud incidents involved no offender–victim contact; where there was contact: telephone 39%, online/social media 32%, email 13%, in person 9%, text 4%. 71% of fraud incidents involved a loss; of those, 70% lost under £250 and 11% lost £1,000+",Year ending March 2025,England and Wales,Office for National Statistics — Nature of fraud and computer misuse in England and Wales,2026-03-26,https://www.ons.gov.uk/peoplepopulationandcommunity/crimeandjustice/articles/natureoffraudandcomputermisuseinenglandandwales/yearendingmarch2025,Also found women had higher odds of fraud victimisation than men; Asian/Asian British adults lower odds than White adults. No age breakdown in this edition.
Where scams start,Scam texts/messages prevalence (Ofcom),"40% of UK mobile users received at least one suspicious message on their mobile in the previous three months (survey fielded February 2026); mobile operators are blocking at least 600 million suspected scam messages a year (average c.50 million/month, January–March 2025); UK mobile users reported an estimated 100 million suspicious messages via the free 7726 service in the year to April 2025",Survey February 2026; blocking and 7726 data to Q1/April 2025,UK,Ofcom — statement 'Combatting mobile messaging scams',2026-07-15,https://www.ofcom.org.uk/siteassets/resources/documents/consultations/category-3-4-weeks/consultation-combatting-mobile-messaging-scams/main-document/statement-combatting-mobile-messaging-scams.pdf?v=422471,"All figures read directly from the 195-page statement PDF on 2026-07-25 (accessible summary: https://www.ofcom.org.uk/phones-and-broadband/scam-calls-and-messages/new-rules-to-thwart-text-message-scammers-and-protect-consumers-and-businesses). New rules require operators to block scam messages in transit, set PAYG SIM volume limits and run KYC on business (A2P) senders. 7726 reporting surged after one-click reporting arrived on iOS (10m+ reports/month December 2024 – March 2025). CAUTION: the widely circulated '45 million people / 82% targeted' figure is from Ofcom's OCTOBER 2021 research — do not present it as current."
Where scams start,Suspicious calls prevalence and four-year trend (Ofcom),"32% of mobile users received at least one suspicious call on their mobile in the previous three months, down from 40% in 2022; 39% of landline users received one on their landline, down from 53% in 2022",Survey fielded February 2026 (trend vs 2022),UK,Ofcom — statement 'Combatting mobile messaging scams' (consumer research section),2026-07-15,https://www.ofcom.org.uk/siteassets/resources/documents/consultations/category-3-4-weeks/consultation-combatting-mobile-messaging-scams/main-document/statement-combatting-mobile-messaging-scams.pdf?v=422471,"Exact quote read from the PDF on 2026-07-25: prevalence 'has fallen over the last four years, although it remains high'. Ofcom simultaneously finalised measures against foreign scam calls spoofing UK mobile numbers. Statement also references the Government's Fraud Strategy 2026–2029."
Identity fraud and account takeover,Identity fraud and National Fraud Database filings (Cifas),"Record 444,993 cases filed to the National Fraud Database in 2025 (up 6% on 2024; over 1,200 a day). Identity fraud: 242,000+ cases (54% of filings, down 3%). Facility/account takeover: 78,000+ cases (18% of filings, up 6%); unauthorised SIM swaps up 38%. Misuse of facility: 106,000+ cases (up 43%), incl. 22,000+ money-muling cases. 72% of all cases linked to identity fraud or facility takeover. Cifas members prevented £2.4 billion of fraud losses",Calendar year 2025,UK,Cifas — Fraudscape 2026,2026-03-12,https://www.cifas.org.uk/newsroom/fraudscape2026,"Re-verified by direct fetch 2026-07-25. NFD cases are organisation-confirmed fraud risk filings, not consumer reports. Cifas reads the identity-fraud dip as displacement into account takeover, not reduced harm. Also: c.90% of takeovers hit mobile phone products, online retail and personal credit cards; identity fraud against bank accounts up 10% (63,000+), insurance up 26% (16,000+). Full report: https://www.fraudscape.co.uk/"
Who gets scammed,People deceived by scams (Citizens Advice),"More than 7 million UK adults deceived by a scam in the past 12 months; top types among victims: online shopping scam 26%, investment scam 18%, other financial scam 18%, friend/family 'needs help' scam 16%, mobile network scam 14%; 20% of victims significantly affected financially, 12% fell into debt or borrowed, 10% used emergency savings","12 months to September 2025 (Savanta survey of 2,222 UK adults, 5–7 September 2025)",UK,Citizens Advice — Scams Awareness campaign press release,2025-10-20,https://www.citizensadvice.org.uk/about-us/media-centre/press-releases/millions-stung-by-scams-with-online-shopping-the-top-trap-says-citizens/,Re-verified by direct fetch 2026-07-25. 2025 Scams Awareness campaign ran 20 October – 2 November 2025; the 2026 consumer campaign (#ShopAware) runs 8–21 June 2026.
Who gets scammed,FCA impersonation scams,"4,465 reports of scammers impersonating the FCA in H1 2025, with 480 victims sending money (full-year 2024: 10,379 reports, 991 victims). Nearly two-thirds of reports came from people aged 56+",January–June 2025,UK,Financial Conduct Authority,2025-08-27 (updated 2025-12-05),https://www.fca.org.uk/news/press-releases/fake-fca-scams-reported-6-months-2025,"Re-verified by direct fetch 2026-07-25. Common variants: fake crypto-wallet fund recovery, recovery-scam follow-ups on earlier victims, fake CCJ payment demands — including 'pig butchering' second-wave fraud."
Who gets scammed,Adults experiencing investment/pension/crypto fraud (FCA survey measure),"1.5% of UK adults — around 800,000 people — experienced a pensions-related and/or investments-related (including cryptocurrency) fraud or scam in the 12 months to May 2024 (survey of 17,950 adults)",12 months to May 2024,UK,Financial Conduct Authority,May 2025 — Financial Lives 2024 survey,https://www.fca.org.uk/financial-lives/financial-lives-2024,"DATED (period pre-2025) — flag on page as the most recent available; Financial Lives runs roughly every two years and the FCA says the 2024 fraud question is not comparable with earlier waves. Related context: 8% of UK adults own cryptoassets (FCA Cryptoasset Consumer Research Wave 6, December 2025 — confirm exact figure/URL on fca.org.uk before citing)."
Enforcement and prevention,Fraud prevented by the banking industry,"£1.68 billion of unauthorised fraud prevented (equivalent to c.70p in every £1 of attempted fraud, per UK Finance launch coverage)",Calendar year 2025,UK,UK Finance — Annual Fraud Report 2026,2026-06-15,https://www.ukfinance.org.uk/news-and-insight/press-release/fraud-report-2026-press-release,Press release states the £1.68bn prevented figure for unauthorised fraud.
Enforcement and prevention,FCA action against investment/crypto scams,"2,329 FCA warnings about unauthorised or potentially scam firms in 2025 (vs 2,240 in 2024); Firm Checker used 1.9+ million times since its January 2025 launch; warning messages protected an average 694 consumers a week after the early-2026 campaign (up 49%); 17 criminal convictions secured",Calendar year 2025 / to mid-2026,UK,"Financial Conduct Authority — press release, first year of new strategy",2026-07-09,https://www.fca.org.uk/news/press-releases/fca-cracks-down-illegal-promotions-and-market-abuse-first-year-new-strategy,Re-verified by direct fetch 2026-07-25. Note site canon: 'FCA Firm Checker' (ScamSmart branding retired). The FCA publishes no aggregate £ figure for consumer crypto scam losses — see gaps.
